{
    "accuracy": 0.8813,
    "num_features": 1,
    "percentage_of_features": 0.12755102040816327,
    "feature_search_time": 349.3915846347809,
    "training_time": 11.003286261894336
}