{
    "baseline": {
        "accuracy": 0.8757,
        "num_features": 784,
        "percentage_of_features": 100.0,
        "feature_search_time": 0,
        "training_time": 22.05665683746338
    },
    "wrapper": {
        "accuracy": 0.784,
        "num_features": 46,
        "percentage_of_features": 3.700000047683716,
        "feature_search_time": 9245.7404820919036865,
        "training_time": 0.019333030700683594
    },
    "ga": {
        "accuracy": 0.8813,
        "num_features": 1,
        "percentage_of_features": 0.12755102040816327,
        "feature_search_time": 349.3915846347809,
        "training_time": 0.004003286361694336
    }
}